ID,VEGCAT,PINYON,SAGE,EVI2005097,NDV2005097,NIR2005097,RED2005097,NLCD01_250,ELEV250
1,NONVEG,0,0,2452,4438,2265,873,42,1830
2,NONVEG,0,0,3083,4804,2443,858,42,2237
3,NONVEG,0,0,2636,4281,2385,964,42,1956
4,TREE,0,0,2433,1879,4648,3358,42,2599
5,NONVEG,4,0,1247,2560,1648,991,42,2310
6,SHRUB,0,0,2195,3446,2703,1318,42,2127
7,NONVEG,0,0,1998,3233,2491,1273,42,1734
8,NONVEG,0,0,1502,3482,1506,727,42,1769
9,NONVEG,0,0,1314,2329,1912,1198,50,2409
10,SHRUB,6,0,1617,3795,1476,665,42,1969
11,NONVEG,0,0,2276,3585,2673,1262,50,1444
12,NONVEG,0,0,1429,3028,1617,869,42,1999
13,NONVEG,6,0,1772,3220,2086,1072,42,2007
14,NONVEG,2,0,1594,3162,1920,1007,42,2159
15,NONVEG,14,4,1280,2721,1628,932,50,1858
16,NONVEG,4,4,2149,3792,2206,996,42,1392
17,NONVEG,6,0,1451,3266,1529,777,42,2060
18,NONVEG,4,0,2065,3588,2343,1104,42,1385
19,NONVEG,24,0,1941,3286,2172,1097,42,2356
20,NONVEG,18,0,2185,3967,2231,966,42,2152
21,NONVEG,0,0,2114,1328,3832,2997,42,2665
22,NONVEG,18,0,2251,3682,2338,1079,42,2163
23,NONVEG,18,0,1753,3480,1828,899,42,2167
24,NONVEG,16,2,1882,3777,1843,836,42,1976
25,NONVEG,0,0,2212,3631,2533,1184,42,1544
26,NONVEG,20,0,2329,3838,2368,1055,42,1938
27,NONVEG,16,2,1376,2899,1713,944,42,2120
28,NONVEG,10,0,1700,3355,1910,949,42,1917
29,NONVEG,14,2,1844,3347,2055,1026,42,1784
30,TREE,2,0,2252,3912,2207,966,42,2018
31,NONVEG,0,0,1014,2329,1394,871,42,2450
32,NONVEG,0,0,1619,4015,1475,631,42,1825
33,TREE,29,4,2062,3548,2257,1075,42,2260
34,TREE,22,6,1523,2509,2255,1350,42,2211
35,TREE,22,0,989,2268,1420,892,42,2557
36,TREE,4,0,1394,3107,1590,841,42,2010
37,TREE,55,0,1881,3910,1831,812,42,1979
38,TREE,18,0,2084,3108,2653,1401,42,2308
39,NONVEG,13,11,1607,3247,1862,951,42,1935
40,TREE,6,0,1358,2612,1874,1098,42,1852
41,NONVEG,2,22,510,662,2713,2412,42,2918
42,NONVEG,4,4,1674,2757,2135,1213,42,2256
43,NONVEG,4,10,1230,2294,1937,1222,42,1910
44,NONVEG,14,2,1107,2344,1589,993,42,2019
45,NONVEG,14,4,1357,2955,1585,862,42,2119
46,NONVEG,18,8,1039,2048,1759,1163,42,2136
47,NONVEG,6,4,1026,1967,1923,1291,42,1940
48,NONVEG,18,10,1568,2162,2023,1324,42,2353
49,NONVEG,16,6,1929,3145,2421,1261,50,1750
50,NONVEG,8,2,1534,3405,1613,797,50,1792
51,NONVEG,18,0,1531,2907,1818,999,42,2221
52,NONVEG,16,6,1690,3067,2048,1084,42,2094
53,NONVEG,12,2,1168,2512,1539,921,42,2292
54,NONVEG,24,0,1119,1671,2551,1824,42,1736
55,NONVEG,18,2,1640,2852,2136,1190,42,2129
56,NONVEG,16,0,1513,2682,2166,1254,42,2175
57,NONVEG,2,2,1401,2557,1962,1164,42,2211
58,NONVEG,2,4,1002,2249,1483,938,42,2023
59,NONVEG,22,12,1246,2477,1732,1046,42,2056
60,NONVEG,20,10,1137,2644,1479,861,42,2169
61,NONVEG,29,2,1696,2297,2842,1784,42,2448
62,NONVEG,18,6,1357,2063,2058,1387,42,2523
63,NONVEG,8,6,1606,3002,1955,1051,50,1926
64,NONVEG,24,16,1611,2807,2087,1175,42,2311
65,NONVEG,4,0,1636,2807,2200,1236,50,1927
66,NONVEG,6,0,1297,2890,1580,868,50,1956
67,NONVEG,14,8,1852,3282,2181,1102,42,1892
68,NONVEG,31,8,1526,2855,1897,1056,42,2552
69,NONVEG,31,4,1343,2930,1645,900,42,2136
70,NONVEG,0,2,1842,3236,2147,1098,42,2125
71,NONVEG,12,14,1696,3205,2066,1064,42,2171
72,NONVEG,31,4,1183,2592,1517,892,42,2179
73,NONVEG,37,4,1974,3224,2307,1182,42,2314
74,NONVEG,35,0,1654,3114,2082,1104,42,2364
75,NONVEG,24,6,1477,2897,1800,991,42,2158
76,NONVEG,35,10,1173,2533,1699,1016,42,2166
77,NONVEG,37,2,1416,2908,1582,870,42,2283
78,NONVEG,10,10,1086,1982,1978,1327,42,2418
79,NONVEG,39,0,1756,3139,2055,1070,42,2298
80,NONVEG,37,0,1559,3341,1723,863,42,2117
81,NONVEG,33,4,1456,2136,2079,1348,42,2347
82,NONVEG,37,4,1491,2859,1830,1018,42,2117
83,NONVEG,29,2,1875,2946,2479,1352,42,2226
84,NONVEG,29,4,1855,3210,2142,1102,42,2277
85,TREE,8,14,1102,2389,1566,963,50,1727
86,NONVEG,10,0,1892,3636,1992,930,42,2170
87,TREE,0,2,1531,2882,1901,1051,50,1914
88,TREE,43,4,1977,2228,2191,1402,42,2414
89,TREE,35,2,1301,2623,1662,972,42,2109
90,TREE,27,0,1265,2855,1539,855,42,2148
91,NONVEG,4,2,1771,3136,2252,1177,42,2397
92,TREE,22,2,1898,3792,1751,786,42,2009
93,TREE,6,0,1521,3117,1719,901,50,2027
94,TREE,27,0,2184,4037,2035,862,42,2152
95,TREE,0,2,1971,3587,2103,993,42,2328
96,TREE,18,8,1024,1702,1997,1446,42,2392
97,TREE,51,0,1983,3076,2390,1274,42,2350
98,TREE,12,0,1832,2564,2063,1215,42,2117
99,TREE,2,0,2272,3674,2499,1157,42,2353
100,TREE,2,2,2095,4463,1649,642,42,2257
101,TREE,2,0,1550,3043,1712,919,42,2162
102,TREE,12,4,1748,2889,2240,1241,42,2265
103,TREE,24,0,2043,3030,2572,1392,42,2257
104,NONVEG,0,0,889,2465,1194,722,50,1711
105,NONVEG,4,0,1595,3300,1744,879,42,1754
106,NONVEG,4,29,1564,2615,2259,1323,50,1997
107,NONVEG,0,12,1118,2248,1644,1035,50,1984
108,NONVEG,10,0,1217,1566,3005,2192,42,2049
109,SHRUB,0,33,1188,2793,1445,816,50,1667
110,NONVEG,0,18,1251,2555,1726,1022,50,1644
111,NONVEG,2,4,1451,2494,2133,1283,42,1750
112,NONVEG,6,0,1300,3056,1453,773,42,1857
113,NONVEG,22,6,1527,2643,2194,1277,42,1736
114,NONVEG,2,0,1634,2530,2519,1506,42,2045
115,TREE,27,2,1705,3082,2086,1107,42,1810
116,TREE,29,0,1686,2865,2167,1205,42,2155
117,NONVEG,0,0,1961,3893,1899,832,42,1797
118,NONVEG,0,0,2210,3956,2181,942,42,1851
119,NONVEG,0,2,1968,3334,2193,1093,42,1841
120,OTHERVEG,0,0,1464,2556,2198,1302,50,2063
121,OTHERVEG,2,0,2041,3278,2554,1293,50,1673
122,OTHERVEG,2,0,1155,2584,1248,736,42,2243
123,NONVEG,2,12,1151,2303,1773,1115,50,1763
124,NONVEG,0,0,1926,3661,2020,940,50,1819
125,NONVEG,4,22,1160,2329,1772,1104,50,1744
126,NONVEG,8,10,1374,2464,2127,1287,42,2059
127,NONVEG,12,12,1306,2519,1896,1137,42,2055
128,NONVEG,2,18,1005,2106,1619,1055,42,2129
129,NONVEG,6,0,1022,2256,1556,991,42,2127
130,NONVEG,14,10,1733,2719,2546,1459,42,1987
131,NONVEG,14,12,1192,2248,1889,1198,42,2239
132,NONVEG,16,6,1796,3114,1815,964,42,2456
133,NONVEG,6,18,1063,2273,1575,994,50,1753
134,NONVEG,18,20,1072,2264,1615,1019,42,2199
135,NONVEG,4,0,2104,3829,2130,954,42,1721
136,NONVEG,10,20,1178,2450,1673,1017,42,2108
137,NONVEG,18,4,1670,2927,2145,1175,42,2216
138,NONVEG,0,2,1569,2271,2175,1372,42,2302
139,NONVEG,16,22,1171,1950,2246,1515,50,1946
140,NONVEG,10,0,1152,2849,1375,765,42,2038
141,NONVEG,22,0,1278,2480,1880,1134,42,2289
142,NONVEG,16,6,1647,3266,1744,887,42,2248
143,NONVEG,12,2,1512,3127,1644,878,42,2169
144,NONVEG,10,8,1212,2559,1606,952,42,2175
145,NONVEG,0,0,2161,3630,2436,1134,42,1519
146,NONVEG,20,2,1329,2881,1643,911,42,2345
147,NONVEG,22,0,1167,2692,1487,857,42,2122
148,NONVEG,18,2,1799,3189,1763,911,42,2665
149,NONVEG,8,2,1792,2929,2447,1343,42,1754
150,NONVEG,20,6,1301,2416,1864,1139,42,2062
151,NONVEG,8,4,1450,2761,1882,1067,42,1904
152,NONVEG,16,2,1807,2815,2612,1463,42,1875
153,NONVEG,0,0,1491,3209,1692,870,42,1879
154,NONVEG,24,4,1672,2261,2434,1537,42,2468
155,NONVEG,6,8,1935,3242,2285,1165,42,1855
156,NONVEG,22,2,3328,2782,2548,1463,42,2437
157,NONVEG,27,2,1541,2724,2059,1178,42,2300
158,NONVEG,6,0,1928,3421,2231,1094,42,1636
159,NONVEG,22,0,1723,3006,2022,1090,42,2310
160,NONVEG,0,0,1610,2661,2479,1465,42,2284
161,NONVEG,2,4,1542,2549,2331,1385,42,2051
162,NONVEG,22,10,1487,2614,2118,1247,42,2240
163,NONVEG,2,12,1738,3103,2158,1136,42,1753
164,NONVEG,16,10,1734,3249,2033,1036,42,1908
165,NONVEG,2,0,1423,2648,1980,1150,42,1828
166,NONVEG,2,2,1448,2764,1858,1055,42,2276
167,NONVEG,4,0,1598,3268,1744,886,42,1951
168,NONVEG,0,4,1037,2193,1580,1012,50,2014
169,NONVEG,0,8,1578,2930,1997,1094,42,1824
170,NONVEG,12,0,1456,2926,1805,984,42,2059
171,NONVEG,22,12,1561,3333,1596,798,42,2285
172,NONVEG,20,6,1381,2602,1852,1088,42,2139
173,NONVEG,27,2,1517,2738,2100,1199,42,2303
174,NONVEG,12,0,1630,3319,1819,913,42,2051
175,NONVEG,16,0,1419,2395,2309,1416,42,2103
176,NONVEG,18,0,1530,2910,1929,1060,42,2062
177,NONVEG,8,0,1117,2053,2109,1428,42,2314
178,NONVEG,16,0,1548,3012,1866,1003,42,2189
179,NONVEG,24,6,1880,2966,2472,1340,42,2251
180,NONVEG,0,2,1198,2085,2136,1403,42,2201
181,NONVEG,29,6,1554,2225,2531,1620,42,2380
182,NONVEG,0,12,1529,2755,2041,1160,42,1837
183,NONVEG,0,0,1114,2054,1938,1277,50,1955
184,NONVEG,35,0,1359,2553,1828,1085,42,2134
185,NONVEG,31,0,1492,2774,1979,1119,42,2217
186,NONVEG,31,2,1751,3133,2051,1072,42,2256
187,NONVEG,0,4,1196,2722,1481,848,42,2336
188,NONVEG,8,0,1947,3490,2076,1004,42,2004
189,NONVEG,0,14,1521,3007,1886,1022,42,1716
190,NONVEG,10,0,1409,2504,1921,1159,42,2263
191,NONVEG,16,0,1539,2938,1991,1090,42,1938
192,NONVEG,18,6,1449,2924,1821,998,42,1852
193,NONVEG,8,4,1119,2295,1622,1015,42,2158
194,NONVEG,29,0,1819,2965,2316,1255,42,2174
195,NONVEG,8,0,1795,3560,1911,910,42,1938
196,NONVEG,0,2,1829,3171,2206,1143,42,1862
197,NONVEG,0,2,1545,3499,1587,764,42,1970
198,NONVEG,29,0,1949,3003,2093,1127,42,2310
199,NONVEG,16,0,1636,3102,1883,991,42,1942
200,NONVEG,20,2,1371,2171,2116,1374,42,2317
201,NONVEG,27,2,1657,2798,2307,1297,42,2194
202,NONVEG,37,2,1380,2215,1991,1274,42,2186
203,NONVEG,31,0,1582,2949,1949,1077,42,2485
204,NONVEG,29,0,1746,3042,2234,1192,42,1801
205,TREE,0,8,1503,2951,1890,1033,42,1693
206,NONVEG,16,0,1119,1538,2783,2048,42,2216
207,NONVEG,33,0,1544,2837,2013,1124,42,2249
208,NONVEG,4,0,1524,2979,1945,1056,42,1802
209,NONVEG,0,0,1413,2370,2059,1271,42,2247
210,NONVEG,22,2,1972,3484,2147,1041,42,2108
211,NONVEG,22,0,1769,3120,2200,1157,42,2132
212,NONVEG,29,6,1493,2721,2107,1204,42,2136
213,NONVEG,2,4,1199,2053,2111,1395,42,2284
214,TREE,0,0,1536,2535,2129,1278,42,2231
215,NONVEG,33,0,1734,2883,2168,1195,42,2258
216,NONVEG,14,0,1937,3812,1884,843,42,2105
217,NONVEG,18,0,2005,3823,1965,879,42,1686
218,NONVEG,35,2,1464,2557,1963,1195,42,2453
219,TREE,33,0,1556,2913,1731,952,42,2263
220,NONVEG,29,2,1640,3144,1952,1024,42,2216
221,NONVEG,16,0,1430,2564,2139,1266,42,2058
222,NONVEG,22,0,2015,3483,2334,1127,42,1815
223,NONVEG,31,0,1855,3253,2223,1131,42,1809
224,NONVEG,33,0,1457,2459,2463,1536,42,2331
225,NONVEG,31,8,2248,3540,2632,1258,42,1710
226,TREE,2,4,2065,3748,2131,968,42,1394
227,NONVEG,41,0,1351,2925,1672,915,42,1971
228,NONVEG,33,0,1289,2669,1616,936,42,2194
229,TREE,14,2,1578,3187,1865,957,42,1660
230,TREE,37,2,1508,2804,1862,1049,42,2454
231,TREE,2,0,1998,3495,2246,1083,42,2002
232,TREE,0,2,1813,3188,2194,1133,42,1882
233,TREE,10,2,1624,3142,1929,1009,42,1915
234,TREE,16,0,1976,3492,2173,1048,42,1866
235,TREE,16,4,2071,3596,2263,1066,42,1920
236,TREE,10,6,1261,2949,1448,789,42,2262
237,TREE,6,0,4946,2949,1960,1073,42,2500
238,TREE,14,0,1898,2246,2069,1312,42,2487
239,TREE,43,0,1760,3953,1636,711,42,1939
240,TREE,16,0,1565,2692,2076,1202,42,2384
241,TREE,41,0,1714,2651,1923,1117,42,2547
242,TREE,43,2,1622,2498,2299,1387,42,2343
243,TREE,29,0,2024,3921,1932,846,42,1907
244,TREE,43,0,1898,3288,2233,1128,42,1835
245,TREE,41,0,1560,2994,1931,1068,42,2337
246,TREE,0,0,1749,3287,2083,1051,42,2186
247,TREE,4,2,1508,2735,2021,1152,42,2162
248,TREE,37,0,2104,4340,1846,732,42,1990
249,TREE,37,0,2074,3948,1985,864,42,1837
250,SHRUB,0,43,1330,2537,1836,1094,50,1965
251,NONVEG,0,14,1423,3108,1598,840,42,1885
252,NONVEG,0,6,965,2624,1173,685,50,2029
253,NONVEG,0,2,1661,3060,2021,1074,50,1692
254,NONVEG,0,0,1466,3558,1430,679,50,1850
255,NONVEG,0,6,1247,3333,1267,634,50,1796
256,NONVEG,0,6,1346,2909,1640,901,42,1721
257,OTHERVEG,0,10,1572,2988,1891,1023,42,1922
258,OTHERVEG,0,2,1591,3588,1605,758,42,1832
259,NONVEG,0,8,1493,2857,1878,1043,50,1833
260,NONVEG,0,6,1140,1889,2774,2039,42,1915
261,NONVEG,0,0,3029,1720,4427,3135,42,2473
262,TREE,49,5,1099,1745,2264,1602,42,2195
263,TREE,44,5,1548,2550,2154,1299,42,2254
264,TREE,13,0,2148,2026,3167,2097,42,2515
265,TREE,62,0,1344,2975,1519,825,42,2349
266,NONVEG,7,2,1602,2535,2260,1363,50,2082
267,TREE,35,2,1594,3514,1633,784,42,2094
268,TREE,40,2,1275,2262,1991,1261,42,2292
269,TREE,65,5,1569,2847,2026,1143,42,2200
270,TREE,30,16,1476,3057,1790,953,42,2131
271,SHRUB,0,38,78,90,3325,3275,42,2353
272,NONVEG,13,20,1251,2941,1477,805,42,2246
273,TREE,40,0,1715,3265,1938,975,42,2190
274,NONVEG,4,17,1184,2653,1497,870,42,1972
275,SHRUB,2,24,1306,2205,2244,1442,50,1925
276,NONVEG,2,4,1342,2587,1887,1113,42,2177
277,NONVEG,2,15,1503,2492,2351,1411,42,1969
278,TREE,9,0,1535,1831,2266,1596,42,2499
279,TREE,43,4,1151,3105,1208,636,42,2112
280,TREE,28,2,1742,3265,2001,1017,42,2261
281,TREE,24,11,1685,3204,1902,982,42,2154
282,NONVEG,0,0,1488,3533,1474,706,42,2307
283,NONVEG,13,2,1650,3114,2080,1095,42,2137
284,NONVEG,19,13,1493,1940,2060,1416,42,2492
285,NONVEG,2,23,1343,2093,1992,1316,42,2319
286,NONVEG,9,21,949,1219,2476,1960,42,2446
287,TREE,15,6,1218,2812,1473,827,42,2094
288,TREE,30,4,1443,3043,1629,869,42,2271
289,TREE,38,0,1592,3136,1834,958,42,2075
290,TREE,34,0,1676,3003,1951,1068,42,2389
291,TREE,47,4,1530,3346,1625,810,42,2238
292,TREE,43,0,2132,3575,2194,1041,42,2230
293,SHRUB,10,21,1810,1039,2708,2312,50,2433
294,NONVEG,15,10,1561,2835,2024,1130,42,2010
295,NONVEG,25,0,1898,3304,2130,1087,42,2412
296,NONVEG,23,2,1190,2951,1313,715,42,2146
297,NONVEG,21,13,1168,2496,1642,986,42,1968
298,TREE,21,13,1812,3146,2181,1134,42,2056
299,TREE,17,0,2458,1528,2909,2175,42,2420
300,TREE,27,13,936,1157,2477,2039,42,2353
301,TREE,23,2,1577,2850,2090,1168,42,2212
302,TREE,29,4,1311,2274,2088,1343,42,2273
303,TREE,27,2,1272,2590,1795,1062,42,2124
304,TREE,13,0,1860,3117,2261,1186,42,2112
305,TREE,31,0,1386,2992,1642,887,42,2294
306,TREE,0,0,1808,3372,1753,872,42,2514
307,TREE,4,6,1825,2607,1965,1165,42,2389
308,TREE,25,13,1522,2982,1714,930,42,2253
309,TREE,33,2,1714,3419,1884,923,42,2173
310,TREE,15,2,1443,2987,1712,924,42,2068
311,TREE,15,0,1605,2574,1705,1014,42,2358
312,OTHERVEG,4,0,1408,2234,1780,1132,50,2045
313,OTHERVEG,4,20,1200,2504,1666,999,50,1919
314,SHRUB,2,45,1618,1646,1815,1315,50,2263
315,NONVEG,4,14,1324,2517,2034,1222,42,2038
316,NONVEG,14,2,1245,2452,1809,1097,42,2079
317,NONVEG,16,10,1477,2011,2759,1840,50,2120
318,NONVEG,10,0,1360,2015,2859,1976,50,2050
319,NONVEG,18,4,1202,2730,1516,866,42,2206
320,NONVEG,8,16,1726,3327,1890,946,42,1993
321,SHRUB,14,22,1295,3346,1273,636,42,1961
322,SHRUB,2,6,1248,2559,1719,1018,42,2100
323,NONVEG,6,6,1937,2737,2749,1586,42,2000
324,OTHERVEG,14,0,1374,2607,1787,1060,42,2183
325,NONVEG,22,0,1407,2862,1759,977,42,2065
326,NONVEG,10,0,1623,2963,1974,1075,42,2179
327,NONVEG,6,10,1503,2788,2015,1138,42,2048
328,NONVEG,10,20,1348,3025,1557,834,42,2081
329,NONVEG,0,4,1616,2805,2033,1140,42,2236
330,OTHERVEG,20,0,1151,2898,1315,723,42,2097
331,OTHERVEG,12,6,930,2091,1394,912,42,2308
332,TREE,29,12,1775,3336,1946,974,42,2096
333,NONVEG,18,14,1479,3091,1777,942,42,1932
334,NONVEG,27,0,1695,2805,2354,1327,42,2266
335,NONVEG,4,0,825,1647,1768,1272,42,2421
336,NONVEG,22,0,1757,3253,1980,1007,42,2171
337,TREE,24,18,552,650,3474,3156,42,2407
338,TREE,8,0,1444,2711,2073,1197,42,2154
339,NONVEG,22,0,1461,2306,2061,1306,42,2360
340,TREE,18,0,1744,3193,2002,1038,42,2055
341,NONVEG,10,6,1071,2964,1196,649,42,2187
342,TREE,4,0,1483,2370,2298,1422,42,2389
343,NONVEG,29,2,1589,2958,2008,1094,42,2091
344,NONVEG,24,0,1751,2832,2158,1205,42,2146
345,NONVEG,29,10,1520,2688,2117,1226,42,2218
346,TREE,22,2,1723,2646,2162,1261,42,2244
347,TREE,22,2,1540,2783,2056,1171,42,2339
348,TREE,20,2,1202,2444,1658,1015,42,2311
349,TREE,20,0,1615,2828,2130,1193,42,1918
350,TREE,16,4,1465,3222,1650,848,42,2090
351,TREE,24,0,1465,2736,1971,1128,42,2157
352,TREE,29,14,1377,2732,1848,1056,42,2149
353,TREE,27,20,1405,3116,1532,804,42,2005
354,TREE,24,0,1091,1048,3121,2596,42,2327
355,NONVEG,0,0,1501,2911,1891,1040,42,2021
356,TREE,18,0,1727,3088,1887,1004,42,2199
357,TREE,10,0,1763,4035,1601,684,42,2083
358,TREE,35,20,2088,3166,2005,1041,42,2265
359,TREE,18,0,1542,2750,2045,1165,42,2143
360,TREE,18,0,1542,2765,2062,1169,42,2195
361,TREE,10,0,1398,2141,2537,1689,42,2312
362,TREE,18,4,1356,2469,2013,1222,42,1939
363,TREE,29,0,1753,2994,2068,1128,42,2322
364,TREE,12,0,2906,3092,2106,1115,42,2297
365,TREE,33,6,1185,2818,1487,835,42,2174
366,TREE,33,2,3091,1387,3884,3022,42,2105
367,TREE,31,8,1315,2433,1972,1200,42,2008
368,TREE,27,0,1638,3754,1549,704,42,2042
369,TREE,29,10,1878,3770,1864,846,42,1999
370,TREE,29,0,1428,2718,2079,1192,42,2094
371,TREE,29,8,1433,3014,1747,942,42,2075
372,TREE,39,12,1313,2602,1835,1078,42,2118
373,TREE,24,2,2055,2513,2577,1550,42,2280
374,TREE,27,2,1385,2542,1950,1169,42,2263
375,TREE,16,0,1741,3076,2079,1097,42,2137
376,TREE,16,0,1361,2448,2080,1263,42,1973
377,TREE,41,4,1581,2943,1870,1021,42,2196
378,TREE,49,0,1759,2927,2443,1338,42,2078
379,TREE,51,0,1513,2288,1980,1262,42,2289
380,TREE,31,0,1431,2451,1826,1119,42,2588
381,TREE,12,0,1620,2920,2191,1208,42,2215
382,TREE,37,0,1273,3063,1445,771,42,2093
383,TREE,37,0,1844,3049,2162,1150,42,2201
384,TREE,33,2,2049,4070,1892,798,42,2185
385,TREE,51,10,1368,3235,1579,836,42,2218
386,TREE,16,2,1353,2435,1934,1187,42,2222
387,TREE,35,2,1692,3113,1901,1004,42,2142
388,TREE,34,0,1676,3776,1541,700,42,2205
389,OTHERVEG,0,4,1816,2566,2063,1300,42,2291
390,SHRUB,0,2,2188,3222,2709,1388,42,2102
391,OTHERVEG,17,8,1558,2866,2081,1153,42,2037
392,TREE,50,0,1472,2939,1705,930,42,2135
393,NONVEG,0,2,1242,2862,1505,837,50,2003
394,OTHERVEG,0,2,1217,2160,1909,1229,42,2139
395,SHRUB,0,2,1362,2236,2343,1487,50,1885
396,NONVEG,8,35,1359,2158,2430,1575,50,1786
397,NONVEG,10,35,1516,2545,2303,1370,50,1827
398,NONVEG,12,8,1319,2011,2602,1734,50,1963
399,NONVEG,12,8,1260,2963,1461,795,42,2190
400,NONVEG,0,0,1006,1436,2461,1848,42,2490
401,NONVEG,16,10,1429,2797,1793,1006,50,1908
402,SHRUB,0,39,1351,2425,2076,1268,50,1716
403,NONVEG,0,0,1210,2142,1770,1151,42,2191
404,NONVEG,16,14,1139,2495,1571,943,42,2197
405,OTHERVEG,8,27,1312,2440,1946,1183,42,1785
406,NONVEG,20,4,1738,2745,2533,1443,42,1857
407,NONVEG,20,4,1438,2810,1878,1061,50,2278
408,NONVEG,18,0,1844,3063,1746,929,42,2139
409,NONVEG,20,8,1741,3290,1977,1004,42,2078
410,NONVEG,14,2,1142,2354,1705,1067,42,2346
411,NONVEG,20,0,1438,2826,1789,1001,42,2213
412,NONVEG,18,0,1626,3038,2019,1080,42,2201
413,NONVEG,20,0,1209,2927,1399,762,42,2138
414,NONVEG,10,0,1598,2997,1958,1055,42,2224
415,NONVEG,20,4,1478,3086,1692,892,42,2087
416,NONVEG,16,2,1488,2895,1818,1003,42,1959
417,SHRUB,10,27,1553,2691,2150,1239,50,1920
418,NONVEG,24,0,1865,3537,1957,936,42,2091
419,NONVEG,0,0,673,510,2656,2403,42,3084
420,OTHERVEG,14,8,1687,2802,2279,1281,42,1916
421,NONVEG,16,2,1514,2673,1914,1111,42,2219
422,NONVEG,24,2,1280,2922,1511,828,42,2045
423,NONVEG,16,0,1701,3024,2097,1123,42,2054
424,NONVEG,22,20,1379,2528,1963,1170,42,1821
425,NONVEG,18,16,1312,2548,1921,1149,50,2040
426,NONVEG,24,0,1539,2745,2315,1318,42,2113
427,NONVEG,12,0,1658,2859,2226,1238,42,2100
428,NONVEG,20,2,1312,3100,1506,796,42,2030
429,NONVEG,20,6,1489,3035,1736,926,42,2028
430,NONVEG,14,0,1806,2876,2199,1256,42,2098
431,NONVEG,18,12,1081,2026,1918,1272,50,1859
432,NONVEG,27,14,1450,2268,1746,1101,42,2294
433,TREE,22,0,1542,3113,1727,907,42,2067
434,NONVEG,22,0,2131,3226,1981,1015,42,2381
435,NONVEG,14,0,1239,3068,1372,728,42,2117
436,OTHERVEG,16,0,1673,3075,2051,1085,42,2018
437,NONVEG,24,4,1340,2315,2179,1363,42,1844
438,NONVEG,2,4,1369,2968,1597,867,50,2103
439,NONVEG,20,2,904,1158,2720,2177,42,2406
440,OTHERVEG,18,0,1801,3112,2195,1151,42,1988
441,NONVEG,12,2,1491,2834,1987,1122,42,1947
442,NONVEG,29,6,1191,2659,1535,890,42,2165
443,NONVEG,20,4,1850,2996,2409,1299,42,2053
444,NONVEG,22,14,1547,2850,2053,1138,50,1918
445,NONVEG,10,29,1552,2439,2535,1542,42,1852
446,NONVEG,16,0,1595,2786,2139,1215,42,1915
447,TREE,12,0,1160,2292,1796,1138,42,2252
448,OTHERVEG,20,12,1582,3050,1910,1018,42,2057
449,TREE,18,22,1295,2593,1724,1017,42,2219
450,TREE,12,6,1646,2973,2058,1114,42,1905
451,NONVEG,18,8,1476,3317,1633,817,42,2053
452,NONVEG,24,8,1580,3063,1874,995,42,1967
453,NONVEG,29,12,1460,3069,1671,888,42,2029
454,NONVEG,24,16,1502,3140,1753,914,42,1916
455,TREE,20,0,965,1472,2146,1599,42,2316
456,NONVEG,16,0,1712,2248,2491,1601,42,2398
457,NONVEG,33,0,1843,3617,1855,870,42,2103
458,NONVEG,24,0,1635,3300,1944,980,42,2318
459,TREE,24,0,1525,3142,1805,942,42,1949
460,NONVEG,31,6,1395,3114,1586,831,50,2113
461,NONVEG,2,8,1311,1996,2194,1482,42,2298
462,NONVEG,33,2,1427,2835,1755,983,42,2283
463,TREE,22,2,1426,3141,1598,835,42,2099
464,NONVEG,24,0,1369,2951,1572,856,50,2041
465,TREE,22,4,1691,2958,2151,1169,42,1967
466,NONVEG,27,8,1075,2458,1476,893,42,2159
467,TREE,27,20,1227,2857,1493,832,42,2210
468,NONVEG,29,6,1697,3382,1873,926,42,2009
469,NONVEG,29,0,1537,2819,2014,1128,42,2256
470,TREE,24,0,1645,3597,1634,768,42,2049
471,NONVEG,27,4,1587,3265,1749,887,42,2260
472,NONVEG,27,6,1472,3257,1715,881,42,2124
473,TREE,27,8,1560,2970,1954,1061,42,2153
474,NONVEG,27,2,1908,2620,2131,1249,42,2333
475,TREE,33,12,1721,3122,2131,1115,42,1969
476,TREE,0,0,1138,1428,2597,1954,42,2258
477,OTHERVEG,29,0,1660,3179,1990,1030,42,2049
478,NONVEG,27,0,1697,3182,1995,1033,42,1959
479,OTHERVEG,27,0,1284,2181,1979,1303,42,2359
480,TREE,29,2,1421,2727,1899,1085,42,1892
481,NONVEG,0,0,2347,3482,2601,1266,42,2766
482,TREE,27,0,1547,2819,2015,1125,42,1990
483,TREE,20,0,2186,3185,2130,1105,42,2139
484,TREE,33,0,1419,2923,1749,958,42,2010
485,TREE,31,0,1718,3137,1809,948,42,2238
486,OTHERVEG,18,0,1437,2442,1855,1132,42,2248
487,TREE,27,0,1479,2870,1916,1062,42,2174
488,TREE,20,0,1519,3042,1810,967,42,2026
489,TREE,31,0,1233,3176,1356,703,42,2017
490,TREE,27,0,1414,2535,2005,1197,42,2145
491,TREE,35,0,1667,2992,2105,1132,42,2122
492,TREE,29,20,1352,2670,1835,1062,42,2031
493,NONVEG,18,0,1541,2663,2162,1256,42,2238
494,NONVEG,8,0,1370,2400,2044,1250,42,2216
495,NONVEG,41,2,2022,4031,1932,822,42,2040
496,TREE,31,0,1514,3084,1772,945,42,2115
497,NONVEG,35,4,1158,2819,1399,779,42,2258
498,TREE,39,8,1713,3290,1922,973,42,2123
499,TREE,24,0,1754,3197,2104,1083,42,2105
500,TREE,14,4,1478,3279,1525,772,42,2327
501,TREE,0,0,3172,2577,2234,1321,42,2549
502,TREE,33,0,1810,3380,2019,999,42,2056
503,TREE,29,2,1478,2203,2362,1521,42,2276
504,TREE,4,0,1299,2608,1790,1050,42,2015
505,TREE,29,0,1682,2976,2132,1154,42,1981
506,TREE,33,0,1283,2439,1904,1159,42,2204
507,TREE,33,0,1463,3215,1629,836,42,2065
508,TREE,29,0,1315,2591,1892,1116,42,2224
509,TREE,41,0,1887,3597,2008,947,42,2090
510,TREE,29,2,1512,2612,2139,1260,42,2271
511,TREE,10,0,1453,2229,2145,1378,42,2103
512,TREE,35,0,1157,1787,2714,1955,42,2234
513,TREE,31,0,1776,3067,2042,1086,42,2299
514,TREE,35,0,1490,3583,1508,712,42,2174
515,TREE,33,6,1762,3749,1712,781,42,2089
516,TREE,43,0,1779,3385,1985,979,42,2178
517,TREE,37,0,1466,2920,1815,997,42,1969
518,TREE,12,0,1421,2001,2363,1572,42,2532
519,TREE,18,4,1651,2427,2460,1504,42,2324
520,TREE,20,8,1807,3462,1954,949,42,2450
521,TREE,41,10,1802,3251,2060,1049,42,1994
522,TREE,39,22,1673,3007,2017,1086,42,1927
523,TREE,39,0,1488,2773,1940,1100,42,2118
524,TREE,6,6,1745,3036,2190,1171,42,2098
525,TREE,35,0,1741,3235,1922,1000,42,2349
526,TREE,33,4,1704,3231,2030,1039,42,2171
527,TREE,49,0,1657,2962,2089,1135,42,2237
528,TREE,29,0,1631,3025,1884,1011,42,2233
529,TREE,51,2,1918,3603,2009,944,42,2017
530,TREE,51,0,1697,3264,1954,993,42,2140
531,TREE,49,0,1492,3415,1566,769,42,2135
532,TREE,49,8,1981,3558,2065,981,42,1984
533,TREE,33,0,1361,2715,1839,1059,42,2191
534,TREE,43,0,1404,2796,1802,1017,42,2200
535,TREE,43,0,1768,3662,1770,820,42,2118
536,OTHERVEG,0,0,1453,2585,1992,1172,70,1949
537,OTHERVEG,0,0,1940,3478,2115,1022,70,2012
538,OTHERVEG,0,0,1641,2919,2037,1116,70,1946
539,NONVEG,8,27,1445,2683,1936,1117,42,2271
540,NONVEG,10,2,1004,1984,1740,1164,42,2128
541,NONVEG,6,31,1611,2633,2146,1264,42,2349
542,NONVEG,10,27,1229,2388,1968,1240,42,2345
543,NONVEG,16,4,1884,3336,2031,1015,42,2240
544,NONVEG,8,2,2056,3460,2367,1160,42,2190
545,NONVEG,10,10,1486,2649,2072,1210,42,2391
546,NONVEG,10,6,1969,3491,2079,1004,42,2034
547,NONVEG,10,8,3485,1166,2645,2110,42,2575
548,NONVEG,20,8,1061,2595,1331,782,42,2245
549,NONVEG,20,2,1481,2914,1768,970,42,2387
550,NONVEG,12,0,1202,2095,1781,1196,42,2556
551,NONVEG,12,0,1184,2215,1899,1215,42,2177
552,NONVEG,14,6,1385,1992,2127,1430,42,2394
553,NONVEG,16,6,1366,2166,1710,1102,42,2385
554,NONVEG,8,12,1528,2448,2431,1481,50,1833
555,NONVEG,12,6,1622,2349,2098,1298,42,2378
556,NONVEG,16,0,1395,2602,1917,1128,42,2145
557,SHRUB,18,33,1527,2802,1666,936,42,2415
558,NONVEG,22,0,1517,2763,2091,1190,42,2312
559,NONVEG,22,8,1525,2589,2311,1360,42,2232
560,NONVEG,6,14,1525,2892,1939,1067,42,2182
561,NONVEG,27,0,1019,2253,1710,1136,42,2388
562,NONVEG,10,20,920,1482,2047,1567,42,2404
563,NONVEG,27,0,1824,3387,2035,1006,42,1959
564,NONVEG,18,4,1482,2738,1884,1076,42,2099
565,NONVEG,27,2,1575,2231,2431,1543,42,2353
566,NONVEG,33,4,1560,3001,1921,1036,42,1827
567,NONVEG,24,4,1696,3031,2090,1119,42,2370
568,NONVEG,20,10,1008,1482,2280,1704,42,2427
569,NONVEG,29,0,1520,3172,1710,887,42,2084
570,NONVEG,20,0,2085,3477,1769,872,42,2271
571,NONVEG,2,8,1545,3051,1833,976,42,1998
572,NONVEG,35,10,1500,3223,1672,857,42,1915
573,NONVEG,27,10,1368,3334,1406,703,42,2507
574,NONVEG,29,0,1407,2853,1777,988,42,2026
575,NONVEG,31,2,1564,3106,1838,967,42,2181
576,NONVEG,18,0,1557,3146,1798,942,42,2387
577,NONVEG,35,6,1629,2822,2106,1181,42,2330
578,NONVEG,24,0,1714,3137,1973,1029,42,2184
579,NONVEG,18,14,1424,2754,1693,963,42,2333
580,TREE,22,12,1898,3267,2024,1028,42,2322
581,NONVEG,27,2,2837,2139,2265,1516,42,2497
582,NONVEG,33,0,1531,3302,1684,849,42,2066
583,NONVEG,31,6,1656,3479,1636,791,42,2364
584,NONVEG,27,6,1776,2566,2501,1502,42,2522
585,NONVEG,29,4,1961,2499,1928,1170,42,2427
586,NONVEG,39,2,1938,2772,2087,1235,42,2281
587,TREE,39,10,1808,3451,1883,918,42,2294
588,NONVEG,33,2,1706,2904,2353,1295,42,2232
589,NONVEG,18,4,1850,2862,2013,1151,42,2523
590,NONVEG,35,4,1747,3460,1950,953,42,2194
591,NONVEG,27,2,1799,3072,2245,1191,42,1956
592,TREE,20,6,1317,2199,1931,1236,42,2632
593,TREE,37,14,1378,1628,2924,2175,42,2584
594,TREE,29,18,1575,2919,1997,1097,42,2224
595,NONVEG,39,2,1858,3349,2009,1004,42,2324
596,TREE,24,0,1558,2289,2048,1286,42,2362
597,NONVEG,31,6,1594,2899,2009,1106,42,2453
598,NONVEG,31,4,1625,2598,2128,1251,42,2411
599,TREE,20,6,2264,3958,2216,959,42,2329
600,TREE,24,6,1710,3185,1879,973,42,2341
601,TREE,29,0,1574,3425,1606,790,42,2231
602,TREE,35,0,1774,3147,2166,1128,42,2300
603,TREE,39,2,2052,3595,2180,1027,42,2486
604,TREE,24,0,1775,3331,2005,1003,42,2188
605,TREE,43,0,2761,3741,2086,960,42,2349
606,TREE,24,0,1283,3341,1241,623,42,2191
607,TREE,41,0,1498,2928,1861,1019,42,2263
608,TREE,39,2,2414,3165,2316,1203,42,2420
609,TREE,35,10,1805,4211,1576,647,42,2112
610,TREE,43,0,2012,3711,1855,849,42,2364
611,TREE,39,0,1438,2227,2120,1355,42,2375
612,TREE,27,16,2061,3816,1964,879,42,2203
613,TREE,37,4,1370,2760,1879,1073,42,2390
614,TREE,53,6,3574,3306,1890,959,42,2167
615,TREE,16,2,1966,3743,2002,913,42,2226
616,NONVEG,0,0,1707,2374,3389,2090,50,632
617,NONVEG,0,0,2223,4266,2076,833,50,1449
618,NONVEG,0,0,1439,3168,1629,846,50,1288
619,NONVEG,0,0,1257,1627,3231,2326,50,1336
620,NONVEG,0,0,1359,1873,3296,2256,50,466
621,NONVEG,0,0,1166,1763,2699,1891,50,682
622,NONVEG,0,0,1510,2183,3072,1971,50,472
623,NONVEG,0,0,1214,2012,2313,1540,50,477
624,NONVEG,0,0,2235,3854,2353,1044,50,1056
625,NONVEG,0,0,2229,3627,2735,1269,50,855
626,NONVEG,0,0,1145,1552,2961,2165,50,808
627,NONVEG,0,0,1298,2485,1867,1128,50,1331
628,NONVEG,0,0,1459,2167,2737,1762,50,1026
629,NONVEG,0,0,3366,5241,3328,1041,50,931
630,NONVEG,0,0,1270,1889,3018,2059,50,730
631,NONVEG,0,0,1335,1918,2838,1924,50,724
632,NONVEG,0,0,1309,1933,2721,1847,50,850
633,NONVEG,0,0,1722,2346,3464,2147,50,833
634,NONVEG,0,0,1190,2291,1807,1131,50,1504
635,NONVEG,0,0,1626,3057,2135,1134,50,701
636,NONVEG,0,0,1860,3100,2593,1367,50,625
637,NONVEG,0,0,1285,2212,2172,1384,50,708
638,NONVEG,0,0,1558,2188,3550,2272,50,611
639,NONVEG,0,0,1905,2848,2983,1660,50,627
640,OTHERVEG,0,0,2069,2918,3245,1781,50,663
641,NONVEG,0,0,1026,1333,2936,2246,50,257
642,NONVEG,0,0,2212,3166,2931,1519,50,1123
643,NONVEG,0,0,1329,2033,2693,1783,50,549
644,NONVEG,0,0,1486,2158,2700,1739,50,733
645,NONVEG,0,0,1202,1894,2501,1705,50,752
646,NONVEG,0,0,1129,2068,2040,1340,50,1113
647,NONVEG,0,0,1470,2100,3111,2030,50,567
648,NONVEG,0,0,1453,3293,1481,748,50,1279
649,NONVEG,0,0,1233,2333,1881,1169,50,655
650,NONVEG,0,0,1626,2077,3135,2057,50,916
651,NONVEG,0,0,2007,3004,2819,1516,50,684
652,NONVEG,0,0,1238,2064,2393,1574,50,1284
653,NONVEG,0,0,1955,2895,3083,1698,50,1586
654,NONVEG,0,0,2392,3655,2689,1247,50,1059
655,NONVEG,0,0,1639,2614,2659,1558,50,740
656,NONVEG,0,0,1379,2036,2929,1938,50,740
657,NONVEG,0,0,1707,2553,2916,1730,50,774
658,NONVEG,0,0,1772,3250,2106,1068,50,1315
659,NONVEG,0,0,1374,2412,1932,1191,50,1561
660,NONVEG,0,0,1427,2246,2533,1607,50,920
661,NONVEG,0,0,1861,2892,2680,1475,50,754
662,NONVEG,0,0,2618,3912,3006,1316,50,982
663,NONVEG,0,0,1572,2220,3174,2020,50,711
664,NONVEG,0,0,1516,2439,2590,1573,50,445
665,NONVEG,0,0,1744,3391,1932,954,50,1116
666,NONVEG,0,0,1968,2928,2792,1529,50,990
667,NONVEG,0,0,1491,2605,2212,1301,50,1095
668,NONVEG,0,0,2699,4062,2963,1251,50,987
669,NONVEG,0,0,1840,3520,2002,959,50,1233
670,NONVEG,0,0,1650,3066,2043,1084,50,1218
671,NONVEG,0,0,1370,2070,2691,1769,50,970
672,NONVEG,0,0,1561,2692,2248,1293,50,1326
673,SHRUB,0,2,2014,3200,2571,1325,50,1115
674,SHRUB,0,0,1915,2783,3007,1697,50,1003
675,SHRUB,0,0,1929,2679,3254,1878,50,753
676,SHRUB,0,2,1996,3025,2848,1523,50,1203
677,SHRUB,0,0,1105,1943,2004,1352,50,1401
678,SHRUB,0,0,2483,3506,3257,1569,50,978
679,NONVEG,0,0,1577,2210,3225,2057,50,580
680,SHRUB,2,0,2266,4111,2195,921,42,1695
681,SHRUB,6,27,1639,3190,1888,974,50,1638
682,NONVEG,0,2,1311,2044,2627,1741,50,1841
683,NONVEG,0,10,1171,1592,2744,1992,50,1831
684,OTHERVEG,0,20,1440,2509,2213,1325,50,1794
685,NONVEG,0,20,1196,1856,3234,2218,50,1410
686,SHRUB,0,2,1676,2627,2644,1546,50,1715
687,SHRUB,0,24,1122,1489,2824,2091,50,1769
688,SHRUB,0,0,969,1181,2819,2223,50,1563
689,NONVEG,0,2,742,1727,1351,952,50,1476
690,NONVEG,0,0,964,1652,2025,1453,50,1611
691,NONVEG,0,0,994,1762,1896,1327,50,1455
692,NONVEG,0,2,1194,1546,3115,2279,50,1686
693,NONVEG,0,0,1059,1530,2637,1935,50,1833
694,SHRUB,0,16,1583,2740,2192,1249,50,1973
695,NONVEG,0,16,1362,2773,1723,972,50,1578
696,NONVEG,0,0,-111,-171,3137,3222,50,1229
697,NONVEG,0,0,155,147,2738,2661,30,1183
698,NONVEG,0,0,378,362,3280,3051,30,1032
699,NONVEG,0,0,645,571,4465,3983,30,1177
700,OTHERVEG,0,0,2129,3070,2752,1458,50,1537
701,OTHERVEG,0,0,3546,5159,3203,1025,80,1338
702,OTHERVEG,0,0,1841,2528,3183,1899,80,1247
703,NONVEG,0,0,781,680,4409,3848,30,1206
704,NONVEG,0,2,1600,2754,2248,1277,50,1668
705,NONVEG,0,0,671,512,4764,4301,30,1403
706,OTHERVEG,0,2,2451,3534,2890,1380,50,1289
707,OTHERVEG,0,0,2630,3815,2852,1277,50,1357
708,OTHERVEG,0,4,2459,3545,2914,1390,50,1479
709,OTHERVEG,0,0,1938,2612,3052,1787,70,1382
710,OTHERVEG,0,10,3412,5148,3006,962,70,1445
711,OTHERVEG,0,6,2288,2890,2963,1635,50,1585
712,NONVEG,0,2,2299,3430,2799,1369,50,1401
713,NONVEG,0,0,1104,1438,2868,2149,50,1359
714,NONVEG,0,2,787,761,3679,3156,30,1226
715,NONVEG,0,0,599,709,2801,2435,50,1231
716,NONVEG,0,2,1163,1428,2908,2181,50,1239
717,NONVEG,0,0,889,1000,3338,2734,50,1277
718,OTHERVEG,0,0,1392,2006,2884,1920,50,1685
719,OTHERVEG,0,0,1930,2885,2699,1490,50,1375
720,NONVEG,0,0,771,778,3705,3171,30,1225
721,NONVEG,0,0,852,905,3238,2702,50,1208
722,NONVEG,0,0,792,1487,1885,1399,50,1224
723,NONVEG,0,0,564,547,3788,3418,50,1535
724,OTHERVEG,0,0,1497,1814,3390,2345,50,1401
725,NONVEG,0,0,1065,1295,2907,2246,50,1229
726,NONVEG,0,0,920,1182,2863,2257,50,1409
727,NONVEG,0,0,1476,1771,3414,2392,50,1252
728,NONVEG,0,0,1015,1127,3060,2442,50,1311
729,OTHERVEG,0,0,1673,2077,3168,2078,50,1261
730,OTHERVEG,0,10,2626,3941,2750,1196,70,1535
731,NONVEG,0,0,1128,1512,2698,1994,50,1887
732,NONVEG,0,0,927,1332,2714,2077,50,1296
733,NONVEG,0,2,1270,2361,1933,1194,50,1347
734,NONVEG,0,20,1082,1391,2736,2068,50,1263
735,NONVEG,0,0,2043,3195,2551,1315,50,1372
736,OTHERVEG,0,0,1721,2943,2315,1266,50,1401
737,NONVEG,0,2,1155,1256,3390,2633,50,1263
738,NONVEG,0,2,932,1007,3736,3054,50,1271
739,NONVEG,0,0,789,931,3215,2668,50,1196
740,NONVEG,0,0,996,1176,3517,2778,50,1212
741,NONVEG,0,12,1950,3069,2437,1294,50,1293
742,NONVEG,0,0,804,1117,2612,2091,50,1582
743,NONVEG,0,0,1101,1507,2824,2084,50,1497
744,NONVEG,0,0,768,717,3845,3330,30,1209
745,NONVEG,0,0,1129,1158,3300,2618,30,1050
746,NONVEG,0,0,1189,2266,1874,1182,50,1325
747,NONVEG,0,0,855,1813,1631,1131,50,1262
748,NONVEG,0,0,1154,2093,2032,1328,50,1558
749,NONVEG,0,14,961,1110,3346,2678,50,1271
750,NONVEG,0,0,1060,1906,1939,1321,50,1755
751,NONVEG,0,0,1073,2083,1786,1169,50,1407
752,NONVEG,0,0,1130,2514,1517,908,50,1773
753,NONVEG,0,0,1047,1267,3095,2399,50,1303
754,OTHERVEG,0,29,1514,2491,2561,1559,50,1380
755,OTHERVEG,0,33,3334,4782,3089,1090,50,1423
756,NONVEG,0,0,1192,1708,2941,2091,50,1631
757,NONVEG,0,35,1993,3091,2576,1359,50,1459
758,NONVEG,0,0,1149,1428,2918,2191,50,1195
759,NONVEG,0,0,929,1720,1893,1337,50,1667
760,NONVEG,0,0,995,1394,2555,1931,50,1420
761,NONVEG,0,2,1216,2166,2043,1314,50,1516
762,SHRUB,0,37,1731,2623,2611,1525,50,1536
763,SHRUB,0,29,1403,2750,1789,1016,50,1384
764,NONVEG,0,0,1200,1476,3210,2385,50,1466
765,NONVEG,0,2,1260,1547,3280,2405,50,1264
766,NONVEG,0,0,692,824,2985,2530,50,1460
767,OTHERVEG,0,0,1345,2133,2359,1537,50,1677
768,NONVEG,0,14,1387,2132,2582,1675,50,1739
769,NONVEG,0,4,1187,1374,3695,2804,50,1232
770,NONVEG,0,10,1456,1660,3395,2430,50,1267
771,NONVEG,0,0,1057,1341,2988,2281,50,1394
772,SHRUB,0,4,1787,2584,2720,1603,50,1423
773,SHRUB,0,0,1849,2738,2790,1591,50,1502
774,NONVEG,0,0,1303,1681,2654,1890,50,1257
775,NONVEG,0,0,1321,2019,2591,1720,50,1573
776,SHRUB,0,0,872,1570,1946,1417,50,1729
777,SHRUB,0,0,963,1945,1596,1076,50,1847
778,NONVEG,0,0,1091,1388,2921,2212,50,1204
779,SHRUB,0,0,1649,1819,3237,2247,50,1236
780,NONVEG,0,0,1429,2046,2524,1667,50,1320
781,SHRUB,0,43,2072,3200,2595,1337,50,1534
782,SHRUB,0,0,1305,1867,2597,1785,50,1367
783,SHRUB,0,0,2177,3119,2985,1582,50,1279
784,SHRUB,0,0,1230,2188,2096,1344,50,1363
785,SHRUB,0,0,1118,1367,3247,2466,50,1476
786,SHRUB,0,49,1113,2012,2056,1369,50,1586
787,SHRUB,0,0,1444,2262,2421,1533,50,1635
788,SHRUB,0,37,1149,1498,3132,2316,50,1381
789,SHRUB,0,49,1889,3188,2290,1183,50,1629
790,SHRUB,0,8,1279,2116,2206,1435,50,1506
791,SHRUB,0,51,1498,2225,2479,1576,50,1292
792,SHRUB,0,0,899,1999,1461,974,50,2024
793,SHRUB,0,0,691,1152,2131,1701,50,2017
794,SHRUB,0,53,966,2117,1489,968,50,1746
795,SHRUB,0,61,1424,2875,1745,964,50,1562
796,SHRUB,0,35,298,68,5747,5668,50,2646
797,SHRUB,0,0,1415,2470,2133,1296,50,1407
798,SHRUB,0,31,968,2574,1203,710,50,1987
799,NONVEG,2,39,1469,2410,2274,1392,50,1758
800,NONVEG,22,6,1719,2731,2470,1416,50,1675
801,NONVEG,24,2,1327,2340,2123,1321,42,1701
802,NONVEG,0,0,471,384,5556,5147,30,1378
803,NONVEG,0,0,527,456,5253,4798,30,1480
804,NONVEG,0,0,670,635,3835,3378,30,1436
805,NONVEG,0,0,632,882,2454,2056,50,1357
806,NONVEG,0,0,690,879,2983,2501,50,1448
807,NONVEG,0,0,1256,2056,2170,1445,50,1262
808,NONVEG,0,0,662,1093,1923,1574,50,1496
809,NONVEG,0,0,666,531,4894,4400,30,1441
810,NONVEG,0,0,715,1035,2422,1968,50,1504
811,NONVEG,0,0,901,1138,3093,2461,50,1651
812,NONVEG,0,10,867,1249,2516,1957,50,1980
813,OTHERVEG,0,8,1202,2169,2301,1507,50,1573
814,NONVEG,0,0,892,801,4057,3456,30,1504
815,NONVEG,0,0,1391,1955,2575,1732,50,1710
816,NONVEG,0,4,919,1127,2916,2326,50,1484
817,NONVEG,0,4,1866,3376,2153,1065,50,1509
818,NONVEG,0,0,945,1196,3028,2382,50,1869
819,NONVEG,0,14,716,1507,1799,1328,50,1780
820,NONVEG,0,14,649,1307,1658,1275,50,1757
821,NONVEG,0,2,765,1130,2584,2069,50,1758
822,NONVEG,0,0,936,1052,3388,2743,50,1505
823,NONVEG,0,0,1824,3053,2428,1292,50,1144
824,NONVEG,0,0,948,1292,2659,2050,50,1424
825,NONVEG,0,16,839,1755,1725,1219,50,2089
826,NONVEG,0,0,1111,1372,3186,2418,50,1511
827,NONVEG,0,18,660,1293,1731,1335,50,2110
828,NONVEG,0,0,1115,1971,1954,1310,50,1263
829,NONVEG,0,0,750,1018,2779,2266,50,1602
830,NONVEG,0,6,1049,1650,2307,1654,50,1606
831,NONVEG,0,0,791,1419,1976,1485,50,1634
832,NONVEG,0,0,1052,1382,2672,2023,50,1552
833,NONVEG,0,0,1536,2205,2796,1798,50,1361
834,NONVEG,0,0,828,1025,3046,2479,50,1675
835,NONVEG,0,0,869,931,3560,2954,50,1524
836,NONVEG,0,20,844,1421,2321,1744,50,1784
837,NONVEG,0,27,1170,1481,2983,2213,50,1592
838,NONVEG,0,0,419,807,1618,1376,50,1794
839,NONVEG,0,8,1114,1218,3506,2745,50,1791
840,NONVEG,0,0,828,1008,3562,2914,50,1763
841,NONVEG,0,4,1105,2235,1762,1118,50,1655
842,NONVEG,0,12,865,1291,2477,1911,50,1842
843,NONVEG,0,0,689,1288,1744,1346,50,1866
844,NONVEG,0,0,766,1088,2488,2000,50,1708
845,NONVEG,0,0,855,1164,2577,2040,50,1588
846,NONVEG,0,0,1410,2230,2529,1608,50,1535
847,NONVEG,0,4,770,1166,2481,1963,50,1520
848,NONVEG,0,6,966,1174,3451,2726,50,1401
849,NONVEG,0,8,878,1167,2802,2217,50,1717
850,NONVEG,0,0,1540,2739,2148,1226,50,1478
851,NONVEG,0,31,919,1209,2872,2253,50,1643
852,NONVEG,0,4,1519,2894,1934,1067,50,1458
853,NONVEG,0,6,1039,1280,3000,2319,50,1639
854,NONVEG,0,10,717,1371,1937,1473,50,1868
855,NONVEG,0,6,907,1165,2886,2284,50,1514
856,NONVEG,0,0,881,1137,2857,2273,50,1590
857,NONVEG,0,0,961,1841,1820,1254,50,1638
858,NONVEG,0,0,1571,2509,2567,1538,50,1212
859,NONVEG,0,8,850,879,3534,2964,50,1454
860,NONVEG,0,10,1598,2716,2212,1267,50,1517
861,NONVEG,0,33,1125,1552,2779,2032,50,1825
862,NONVEG,0,0,1086,1975,1967,1318,50,1384
863,NONVEG,0,24,1011,1419,2583,1942,50,1718
864,NONVEG,0,33,997,2356,1369,851,50,2268
865,NONVEG,0,16,1075,2090,1883,1249,50,1836
866,NONVEG,0,0,855,1475,2127,1580,50,1917
867,NONVEG,0,27,866,1777,1650,1152,50,1724
868,NONVEG,0,27,1057,1931,1950,1319,50,1682
869,NONVEG,0,33,1135,1443,2827,2117,50,1917
870,NONVEG,0,2,844,967,3395,2796,50,1574
871,SHRUB,0,0,760,973,2919,2402,50,1845
872,SHRUB,0,0,1120,2291,1669,1046,50,1656
873,NONVEG,0,0,852,873,3607,3026,50,1456
874,NONVEG,0,0,1066,1404,2878,2170,50,1590
875,NONVEG,0,0,1593,2685,2318,1337,50,1285
876,NONVEG,0,0,1603,2320,3167,1988,50,1173
877,NONVEG,0,2,722,1452,1733,1294,50,1807
878,NONVEG,0,14,967,1283,2657,2052,50,1790
879,NONVEG,0,39,829,1057,3004,2430,50,1620
880,NONVEG,0,0,1387,2392,2279,1398,50,1644
881,NONVEG,0,37,887,1588,2017,1465,50,1704
882,NONVEG,0,0,1036,1405,2892,2179,50,1823
883,NONVEG,0,2,956,1537,2340,1716,50,2002
884,NONVEG,0,0,945,1517,2404,1770,50,1783
885,NONVEG,0,0,1138,1916,2261,1537,50,1708
886,NONVEG,0,0,1150,1417,3098,2329,50,1343
887,NONVEG,0,16,1034,2329,1489,925,50,1762
888,NONVEG,0,0,992,1349,2706,2061,50,1716
889,NONVEG,0,41,860,1258,2547,1978,50,1686
890,NONVEG,0,0,1536,2867,2032,1126,50,1336
891,NONVEG,0,0,964,1586,2148,1559,50,2029
892,NONVEG,0,0,860,1118,2618,2094,50,1704
893,NONVEG,0,18,938,1427,2628,1972,50,2029
894,NONVEG,0,39,840,1076,2712,2187,50,1760
895,NONVEG,0,43,943,1965,1773,1191,50,1942
896,NONVEG,0,20,1024,1789,2262,1577,50,2008
897,NONVEG,0,0,762,1034,2872,2342,50,1807
898,NONVEG,0,35,1422,1957,2739,1844,50,1805
899,NONVEG,0,45,973,1707,2100,1487,50,2006
900,SHRUB,0,45,1125,2081,1952,1279,50,2090
901,NONVEG,0,0,869,1092,2903,2333,50,1370
902,NONVEG,0,0,934,1187,2965,2335,50,1873
903,NONVEG,0,0,971,1299,2836,2184,50,1721
904,NONVEG,0,0,1415,2435,2195,1345,50,1511
905,NONVEG,0,41,854,1224,2707,2121,50,1909
906,NONVEG,0,45,911,1312,2395,1842,50,1819
907,NONVEG,0,0,1094,1528,2877,2113,50,1656
908,NONVEG,0,0,1132,2275,1741,1095,50,1954
909,NONVEG,0,2,1139,1557,2790,2038,50,1936
910,SHRUB,0,0,1543,2961,1936,1056,50,1735
911,SHRUB,0,35,712,1578,1448,1053,50,2115
912,SHRUB,0,37,1032,2048,1808,1193,50,1869
913,SHRUB,0,0,913,1531,2115,1553,50,1771
914,SHRUB,0,0,1065,1351,3057,2329,50,1868
915,SHRUB,0,53,954,1168,3001,2373,50,1910
916,SHRUB,0,41,986,1725,2008,1433,50,1999
917,SHRUB,0,0,933,1727,1934,1364,50,1613
918,SHRUB,0,4,1817,2331,3313,2060,50,1436
919,SHRUB,0,35,871,1776,1584,1106,50,1960
920,SHRUB,0,0,1062,1394,3145,2374,50,1754
921,SHRUB,0,0,811,1008,2935,2397,50,1675
922,SHRUB,0,0,2111,3925,2101,916,50,1538
923,NONVEG,2,31,1285,2252,2186,1388,50,1744
924,NONVEG,6,35,1058,1979,1928,1297,50,2176
925,NONVEG,0,2,1539,2475,2526,1525,50,1697
926,NONVEG,0,6,1474,2727,2036,1167,50,1912
927,OTHERVEG,0,0,2170,3734,2573,1173,80,1710
928,OTHERVEG,0,0,1447,2628,2010,1176,50,2015
929,OTHERVEG,0,0,1853,2905,2518,1384,50,1681
930,OTHERVEG,0,10,1629,2955,2004,1109,70,1893
931,NONVEG,0,20,2053,3293,2450,1232,70,1730
932,OTHERVEG,0,10,365,349,3085,2949,50,2043
933,OTHERVEG,0,27,1571,3152,1761,915,50,1932
934,NONVEG,0,16,1229,2422,1860,1135,50,1792
935,NONVEG,0,33,2961,4753,2634,936,50,1521
936,NONVEG,0,16,1049,1916,1976,1339,50,1834
937,SHRUB,0,29,779,1155,2192,1752,50,2086
938,SHRUB,0,29,1615,3313,1810,909,50,1879
939,SHRUB,0,4,1696,2891,2230,1229,50,1684
940,SHRUB,0,39,-854,-681,7525,8649,50,2398
941,SHRUB,0,33,1990,3558,2215,1050,50,1642
942,SHRUB,0,43,1384,2656,1942,1135,50,1900
943,NONVEG,0,22,1199,2494,1677,1007,50,1932
944,SHRUB,0,20,1061,2006,1877,1258,50,2004
945,SHRUB,0,14,1084,2232,1648,1047,50,1823
946,SHRUB,0,41,1700,2836,2346,1309,50,1581
947,SHRUB,0,8,1487,2761,1996,1132,50,1775
948,SHRUB,0,8,-677,-603,6963,7859,50,2080
949,SHRUB,0,22,1899,3583,2040,964,50,1940
950,SHRUB,0,24,1512,3202,1732,891,50,1721
951,SHRUB,0,37,1283,2372,2056,1296,50,1877
952,SHRUB,0,18,1145,2365,1679,1037,50,1929
953,SHRUB,0,27,1082,2327,1605,999,50,1666
954,SHRUB,0,18,1533,2359,2018,1277,50,2038
955,SHRUB,0,43,1652,2966,2075,1125,50,1696
956,SHRUB,0,49,1848,3329,1853,928,50,1873
957,SHRUB,0,51,1682,2871,2201,1219,50,1521
958,SHRUB,0,22,874,970,2836,2449,50,2045
959,SHRUB,0,35,-1036,-512,7168,7943,50,1858
960,SHRUB,0,24,567,814,2267,1929,50,2082
961,SHRUB,0,37,1345,2787,1720,970,50,1712
962,SHRUB,0,47,1393,2949,1678,914,50,1653
963,SHRUB,0,41,1533,2302,1969,1244,50,1924
964,SHRUB,0,22,1293,2643,1803,1063,50,1960
965,SHRUB,0,12,1232,2248,2137,1352,50,1758
966,SHRUB,0,31,1578,3167,1802,935,50,1898
967,SHRUB,0,6,1887,3424,2112,1034,50,1807
968,SHRUB,0,49,-794,-710,6806,7848,50,2215
969,SHRUB,0,8,1196,2491,1674,1006,50,1772
970,SHRUB,0,6,1391,2747,1834,1043,50,1645
971,SHRUB,0,39,1878,3221,2192,1126,50,1906
972,SHRUB,0,31,-883,-610,7119,8046,50,2198
973,SHRUB,0,4,1156,2282,1831,1153,50,1747
974,SHRUB,0,18,1162,2583,1521,897,50,1790
975,SHRUB,0,20,1241,2694,1609,926,50,1776
976,SHRUB,0,29,51,270,5084,5203,50,2093
977,SHRUB,0,41,1118,2541,1494,889,50,1850
978,SHRUB,0,27,-240,-108,5115,5230,50,2081
979,SHRUB,0,57,-1503,-461,5783,6346,50,2226
980,SHRUB,0,51,-718,-446,5806,6350,50,2002
981,NONVEG,0,0,414,517,2442,2201,30,1152
982,NONVEG,0,0,630,671,3037,2661,30,1175
983,NONVEG,0,0,633,456,5672,5177,30,1173
984,NONVEG,0,0,861,1693,1356,964,50,1277
985,NONVEG,0,0,686,892,2728,2289,30,1375
986,OTHERVEG,0,0,1874,3438,2071,1009,50,2034
987,OTHERVEG,0,16,1931,2837,2490,1395,50,2010
988,OTHERVEG,0,14,2359,3767,2518,1140,50,1517
989,OTHERVEG,0,24,1317,2690,1733,1000,50,1507
990,NONVEG,0,6,1179,1528,2901,2133,50,1567
991,NONVEG,0,12,1096,2271,1642,1034,50,1412
992,OTHERVEG,0,6,972,2435,1309,796,50,1737
993,NONVEG,0,0,920,1539,2130,1563,50,1212
994,NONVEG,0,20,1297,2618,1774,1039,50,1820
995,NONVEG,0,33,1714,2706,2381,1367,50,1745
996,OTHERVEG,0,0,1043,2626,1319,770,50,1911
997,NONVEG,0,35,1478,3137,1705,890,50,1385
998,NONVEG,0,24,1309,2404,1974,1213,50,1502
999,NONVEG,0,37,1144,2475,1588,958,50,1794
1000,NONVEG,0,0,2004,3178,2439,1263,50,1444
1001,NONVEG,0,27,1581,2360,2532,1565,50,1261
1002,SHRUB,0,16,1403,2632,1942,1133,50,1814
1003,NONVEG,0,16,1369,2561,1935,1146,50,1903
1004,SHRUB,0,35,1605,2465,2512,1518,50,1800
1005,NONVEG,0,35,1048,2396,1457,893,50,1834
1006,NONVEG,0,43,888,1878,1559,1066,50,1746
1007,SHRUB,0,0,1160,2541,1556,925,50,1784
1008,SHRUB,0,33,1163,2550,1555,920,50,1967
1009,SHRUB,0,43,1233,2469,1847,1118,50,1764
1010,SHRUB,0,29,1507,2792,1930,1089,50,1428
1011,SHRUB,0,33,999,2097,1661,1085,50,1502
1012,SHRUB,0,0,938,2300,1316,824,50,1550
1013,SHRUB,0,45,1431,275,2803,2686,50,2130
1014,SHRUB,0,53,1153,2565,1563,925,50,1710
1015,SHRUB,0,22,1048,2330,1505,936,50,1940
1016,SHRUB,0,35,1606,3087,1872,981,50,1599
1017,SHRUB,0,27,1258,2574,1707,1010,50,1875
1018,SHRUB,0,55,1691,1455,2307,1794,50,2133
1019,SHRUB,0,59,1102,1848,2104,1452,50,1724
1020,SHRUB,0,8,1172,1479,3125,2320,50,1540
1021,SHRUB,0,27,1833,2684,2864,1653,70,1614
1022,SHRUB,0,0,918,1560,1965,1434,50,1690
1023,SHRUB,0,45,1462,2576,2101,1239,50,1962
1024,SHRUB,0,67,1085,2559,1423,842,50,1957
1025,SHRUB,0,51,1094,2343,1603,994,50,1862
1026,SHRUB,0,41,983,2356,1334,825,50,1865
1027,SHRUB,0,10,189,112,5863,5734,50,2549
1028,SHRUB,0,57,1166,3043,1296,691,50,1845
1029,SHRUB,0,55,758,1989,1217,816,50,2077
1030,NONVEG,0,10,1501,2701,2094,1204,50,1704
1031,SHRUB,0,47,1109,3072,1213,643,50,1880
1032,NONVEG,0,8,1544,2628,2181,1274,50,1590
1033,NONVEG,0,29,1144,2814,1372,770,50,1832
1034,NONVEG,0,0,2451,3735,2655,1198,50,1591
1035,NONVEG,0,0,1727,3011,2139,1151,50,1981
1036,OTHERVEG,0,2,2092,3767,2164,980,50,1863
1037,SHRUB,0,24,1423,3094,1601,844,50,1624
1038,OTHERVEG,0,27,2039,4168,1866,768,50,1636
1039,NONVEG,0,31,1182,2405,1760,1079,50,1604
1040,SHRUB,0,24,1635,3189,1933,998,50,1634
1041,SHRUB,0,27,1368,3214,1476,758,50,1814
1042,SHRUB,0,33,2086,4100,1987,832,50,1628
1043,SHRUB,0,43,1464,2927,1860,1028,50,1585
1044,SHRUB,0,31,875,2179,1294,828,50,1938
1045,SHRUB,0,33,1305,2870,1566,870,50,1774
1046,SHRUB,0,31,1518,3103,1759,926,50,1656
1047,SHRUB,0,47,2072,4184,1931,792,50,1655
1048,SHRUB,0,37,1583,3402,1679,826,50,1706
1049,SHRUB,0,45,1161,2217,1869,1191,50,1715
1050,SHRUB,0,41,1679,3584,1725,815,50,1637
1051,SHRUB,0,49,1453,2932,1794,981,50,1652
1052,SHRUB,0,49,1296,2336,2022,1255,50,1800
1053,SHRUB,0,59,1374,2759,1784,1013,50,1679
1054,SHRUB,0,71,1771,3854,1714,760,50,1626
1055,TREE,0,4,1573,3558,1579,751,42,1663
1056,NONVEG,0,29,-458,-380,5884,6357,50,1953
1057,SHRUB,0,33,1001,1061,2581,2175,50,2059
1058,SHRUB,0,10,1440,2514,2198,1314,50,1692
1059,SHRUB,0,35,1168,2452,1746,1064,50,1650
1060,SHRUB,0,53,1124,2256,1801,1138,50,1892
1061,SHRUB,0,59,-257,972,4453,4355,50,2033
1062,OTHERVEG,0,0,1576,3221,1823,939,50,1677
1063,NONVEG,0,0,506,489,4124,3742,30,1760
1064,OTHERVEG,0,0,400,596,2162,1919,30,1819
1065,OTHERVEG,0,0,-778,-342,5954,6390,50,2687
1066,OTHERVEG,0,0,2638,4289,2652,1063,80,1727
1067,OTHERVEG,0,0,2189,4288,2124,852,80,1879
1068,OTHERVEG,0,2,2045,3451,2443,1192,70,1955
1069,OTHERVEG,0,0,889,1025,3095,2518,50,1789
1070,NONVEG,0,0,860,1020,2997,2442,50,1721
1071,NONVEG,0,2,954,612,4180,3801,50,2059
1072,NONVEG,0,0,1133,1577,2724,1982,50,1717
1073,OTHERVEG,0,16,1247,1547,3181,2329,50,1825
1074,NONVEG,0,0,937,1174,2831,2244,50,1757
1075,NONVEG,0,0,1090,1387,2533,1916,50,1459
1076,OTHERVEG,0,0,1453,1740,3151,2219,50,1843
1077,NONVEG,0,2,1438,2728,1933,1104,50,1746
1078,NONVEG,0,20,1256,1822,2520,1744,50,1598
1079,SHRUB,0,35,1261,1532,3133,2301,50,1853
1080,NONVEG,0,0,1293,1733,2826,1991,50,1819
1081,NONVEG,0,45,1340,2089,2396,1568,50,1837
1082,NONVEG,0,29,1066,2219,1655,1054,50,1774
1083,NONVEG,0,45,1117,1554,2377,1738,50,1785
1084,SHRUB,0,0,2263,3991,2251,967,50,1803
1085,SHRUB,0,6,1153,2384,1691,1040,50,1790
1086,SHRUB,0,0,1123,1463,2803,2089,50,1806
1087,SHRUB,0,10,1478,2155,2528,1649,50,1610
1088,SHRUB,0,24,1257,1388,2618,2048,50,1861
1089,SHRUB,0,41,1398,2009,2406,1601,50,1948
1090,SHRUB,0,45,1220,1660,2734,1956,50,1918
1091,SHRUB,0,29,1114,1598,2503,1813,50,1782
1092,NONVEG,0,20,1186,1660,2394,1713,50,1838
1093,SHRUB,0,39,1653,2739,2492,1419,50,1872
1094,SHRUB,0,14,2368,4180,2229,914,50,1732
1095,SHRUB,0,18,2493,4195,2326,953,50,1886
1096,SHRUB,0,0,1130,2146,1850,1196,50,1898
1097,SHRUB,0,0,1077,1577,2325,1692,50,1809
1098,NONVEG,0,0,946,1228,2866,2241,50,1590
1099,NONVEG,0,0,1055,1468,2701,2009,50,1625
1100,SHRUB,0,2,1048,1311,2654,2040,50,1702
1101,SHRUB,0,14,1198,2520,1663,993,50,1866
1102,SHRUB,0,0,1026,1387,2493,1886,50,1742
1103,SHRUB,0,45,1163,2299,1839,1153,50,1593
1104,SHRUB,0,51,1481,2480,2345,1413,50,1783
1105,SHRUB,0,8,2011,3721,2052,939,50,1704
1106,SHRUB,0,18,1016,1335,2371,1814,50,1900
1107,SHRUB,0,18,1097,1407,2714,2044,50,1790
1108,SHRUB,0,0,1119,1530,2785,2046,50,1817
1109,SHRUB,0,0,1242,1812,2597,1801,50,1656
1110,SHRUB,0,55,1224,2341,1902,1181,50,1533
1111,SHRUB,0,55,1260,1839,2569,1771,50,1652
1112,SHRUB,0,35,1242,1699,2537,1806,50,1789
1113,SHRUB,0,2,1760,3635,1807,844,50,1664
1114,SHRUB,0,2,1176,2183,1986,1276,50,1888
1115,SHRUB,0,57,1158,2333,1728,1074,50,1850
1116,SHRUB,0,0,1749,2484,2174,1308,50,1777
1117,SHRUB,0,31,1416,2033,2596,1719,50,1944
1118,SHRUB,0,27,966,1348,2302,1756,50,1821
1119,SHRUB,0,12,1127,1562,2683,1973,50,1727
1120,SHRUB,0,0,1141,1796,2316,1633,50,1877
1121,SHRUB,0,0,1104,1377,2931,2222,50,1822
1122,SHRUB,0,0,867,2093,1374,898,50,1766
1123,SHRUB,0,0,1458,1905,2990,2033,50,1904
1124,SHRUB,0,39,902,1746,1774,1246,50,1931
1125,SHRUB,0,31,-665,-335,5593,6077,42,2433
1126,SHRUB,0,59,1077,2383,1523,937,50,1935
1127,SHRUB,0,0,1377,2674,1831,1060,50,1808
1128,SHRUB,0,0,1512,3073,1789,947,50,1643
1129,SHRUB,0,49,883,1903,1531,1041,50,1941
1130,SHRUB,0,6,1010,2200,1542,988,50,1914
1131,SHRUB,0,69,1830,2200,3136,2004,50,1798
1132,SHRUB,0,0,844,902,3341,2791,50,1784
1133,NONVEG,2,0,1130,1448,2848,2130,50,1934
1134,SHRUB,0,8,1076,2399,1492,915,50,1853
1135,NONVEG,18,4,2201,1649,2550,1849,42,2328
1136,NONVEG,27,14,1382,2417,2106,1286,50,2108
1137,NONVEG,0,0,537,840,2715,2293,50,1522
1138,OTHERVEG,0,0,1842,2761,2607,1479,70,1583
1139,OTHERVEG,0,0,3153,4790,2847,1002,70,1540
1140,OTHERVEG,0,4,2409,3817,2494,1115,50,1396
1141,OTHERVEG,0,4,1671,3005,2039,1100,50,2105
1142,OTHERVEG,0,10,1974,3257,2338,1189,50,1478
1143,NONVEG,0,2,2072,3233,2464,1257,50,1688
1144,NONVEG,0,8,1966,3462,2194,1064,50,1946
1145,NONVEG,0,0,893,1331,2492,1914,50,2010
1146,NONVEG,0,12,1029,1413,2760,2077,50,1729
1147,NONVEG,0,22,1367,3167,1621,842,50,2150
1148,NONVEG,0,18,2399,4195,2356,963,50,1510
1149,NONVEG,0,10,936,1208,2723,2136,50,1735
1150,NONVEG,0,20,1688,2824,2280,1275,50,1596
1151,NONVEG,0,6,566,658,2885,2528,50,1707
1152,NONVEG,0,24,1049,1533,2394,1760,50,1579
1153,NONVEG,0,20,2816,4235,2833,1146,50,1511
1154,OTHERVEG,0,4,565,778,2509,2194,50,2147
1155,OTHERVEG,0,8,1624,2642,2492,1459,50,1630
1156,NONVEG,0,4,1075,1703,2313,1640,50,1728
1157,NONVEG,0,2,1623,2683,2319,1338,50,1788
1158,OTHERVEG,0,24,1842,3499,1918,924,50,1736
1159,NONVEG,0,4,1298,1753,2895,2031,50,1798
1160,NONVEG,0,0,976,1278,2400,1856,50,1712
1161,NONVEG,0,16,995,1897,2010,1367,50,2158
1162,NONVEG,0,6,999,1962,1738,1168,50,1855
1163,NONVEG,0,16,1111,1519,2687,1979,50,1872
1164,NONVEG,0,33,1466,2950,1772,951,50,1568
1165,NONVEG,0,0,1001,1275,2740,2121,50,1848
1166,NONVEG,0,14,1148,1926,2273,1540,50,1693
1167,SHRUB,0,43,1630,2583,2409,1465,50,1765
1168,NONVEG,0,2,911,1192,2729,2158,50,1964
1169,NONVEG,0,18,1015,2017,1708,1135,50,1957
1170,NONVEG,0,22,1366,2306,2239,1399,50,1960
1171,SHRUB,0,14,1702,2092,1737,1152,50,2193
1172,SHRUB,0,8,1047,1424,2448,1838,50,1727
1173,NONVEG,0,0,1018,1359,2522,1919,50,1861
1174,SHRUB,0,2,834,1470,2173,1616,50,2145
1175,SHRUB,0,12,1161,2598,1526,897,50,2000
1176,SHRUB,0,6,1889,3055,2562,1371,50,1585
1177,SHRUB,0,41,2564,4032,2673,1137,50,1599
1178,SHRUB,0,0,890,1791,1723,1202,50,1912
1179,SHRUB,0,2,866,1432,2655,1992,50,1749
1180,SHRUB,0,6,771,1467,1751,1303,50,1955
1181,SHRUB,0,18,1571,1937,2337,1583,50,1890
1182,SHRUB,0,49,1172,2732,1462,845,50,2149
1183,SHRUB,0,27,837,1625,1746,1262,50,2271
1184,SHRUB,0,10,1394,2546,1658,980,50,1722
1185,SHRUB,0,0,1042,1362,2817,2143,50,1923
1186,SHRUB,0,20,1226,1626,2612,1880,50,1889
1187,SHRUB,0,45,1190,2312,1811,1130,50,1968
1188,SHRUB,0,2,1070,2017,1910,1268,50,1873
1189,SHRUB,0,55,405,57,7403,7322,42,2410
1190,NONVEG,2,8,1137,2215,1818,1160,50,2069
1191,NONVEG,14,10,1594,3204,1782,918,42,1924
